{
  "IcoMoonType": "selection",
  "icons": [
    {
      "icon": {
        "paths": [
          "M1152 0h-1024c-70.4 0-127.36 57.6-127.36 128l-0.64 768c0 70.397 57.6 128 128 128h1024c70.397 0 128-57.603 128-128v-768c0-70.4-57.603-128-128-128zM1126.4 272l-452.48 282.88c-20.48 12.8-47.359 12.8-67.839 0l-452.48-282.88c-6.418-3.603-12.037-8.47-16.519-14.307s-7.733-12.524-9.556-19.653c-1.823-7.13-2.18-14.556-1.051-21.828s3.723-14.239 7.624-20.48c3.9-6.241 9.026-11.626 15.069-15.828s12.873-7.135 20.081-8.621c7.208-1.485 14.643-1.493 21.854-0.023s14.049 4.39 20.099 8.579l428.8 268.16 428.803-268.16c6.048-4.19 12.882-7.108 20.098-8.579 7.209-1.47 14.643-1.463 21.852 0.023s14.036 4.418 20.077 8.621c6.042 4.202 11.168 9.587 15.073 15.828 3.898 6.241 6.492 13.208 7.625 20.48 1.126 7.272 0.771 14.698-1.051 21.828s-5.079 13.816-9.557 19.653c-4.485 5.837-10.103 10.704-16.521 14.307z"
        ],
        "attrs": [
          {
            "fill": "rgb(255, 208, 18)"
          }
        ],
        "width": 1297,
        "isMulticolor": false,
        "isMulticolor2": false,
        "grid": 0,
        "tags": [
          "envelope"
        ]
      },
      "attrs": [
        {
          "fill": "rgb(255, 208, 18)"
        }
      ],
      "properties": {
        "order": 58,
        "id": 2,
        "name": "envelope",
        "prevSize": 32
      },
      "setIdx": 0,
      "setId": 15,
      "iconIdx": 0
    },
    {
      "icon": {
        "paths": [
          "M409.604 0c-225.843 0-409.6 183.757-409.6 409.344-1.485 329.984 394.035 603.597 409.6 614.656 0 0 411.087-284.672 409.6-614.4 0-225.843-183.755-409.6-409.6-409.6zM409.604 614.4c-113.152 0-204.8-91.648-204.8-204.8s91.648-204.8 204.8-204.8c113.152 0 204.8 91.648 204.8 204.8s-91.648 204.8-204.8 204.8z"
        ],
        "attrs": [
          {
            "fill": "rgb(255, 208, 18)"
          }
        ],
        "width": 819,
        "isMulticolor": false,
        "isMulticolor2": false,
        "grid": 0,
        "tags": [
          "geo"
        ]
      },
      "attrs": [
        {
          "fill": "rgb(255, 208, 18)"
        }
      ],
      "properties": {
        "order": 59,
        "id": 1,
        "name": "geo",
        "prevSize": 32
      },
      "setIdx": 0,
      "setId": 15,
      "iconIdx": 1
    },
    {
      "icon": {
        "paths": [
          "M994.833 793.867l-231.253-210.261c-10.934-9.938-25.298-15.235-40.061-14.779-14.768 0.454-28.774 6.632-39.071 17.225l-136.136 140.004c-32.768-6.258-98.645-26.795-166.457-94.436-67.812-67.869-88.348-133.917-94.436-166.457l139.89-136.192c10.605-10.289 16.79-24.302 17.246-39.071s-4.851-29.137-14.8-40.062l-210.204-231.196c-9.953-10.959-23.786-17.607-38.562-18.531s-29.329 3.948-40.57 13.582l-123.449 105.87c-9.835 9.871-15.706 23.009-16.498 36.921-0.853 14.222-17.124 351.118 244.11 612.466 227.897 227.84 513.366 244.508 591.987 244.508 11.492 0 18.546-0.341 20.423-0.455 13.909-0.779 27.039-6.673 36.864-16.555l105.813-123.506c9.671-11.207 14.581-25.748 13.676-40.522s-7.549-28.609-18.512-38.554z"
        ],
        "attrs": [
          {
            "fill": "rgb(255, 208, 18)"
          }
        ],
        "isMulticolor": false,
        "isMulticolor2": false,
        "grid": 0,
        "tags": [
          "tel"
        ]
      },
      "attrs": [
        {
          "fill": "rgb(255, 208, 18)"
        }
      ],
      "properties": {
        "order": 60,
        "id": 0,
        "name": "tel",
        "prevSize": 32
      },
      "setIdx": 0,
      "setId": 15,
      "iconIdx": 2
    }
  ],
  "height": 1024,
  "preferences": {
    "showGlyphs": true,
    "showQuickUse": true,
    "showQuickUse2": true,
    "showSVGs": true,
    "fontPref": {
      "prefix": "icon-",
      "metadata": {
        "fontFamily": "icomoon"
      },
      "metrics": {
        "emSize": 1024,
        "baseline": 6.25,
        "whitespace": 50
      },
      "embed": false
    },
    "imagePref": {
      "prefix": "icon-",
      "png": true,
      "useClassSelector": true,
      "color": 0,
      "bgColor": 16777215,
      "classSelector": ".icon",
      "name": "icomoon",
      "height": 32,
      "columns": 16,
      "margin": 16
    },
    "historySize": 50,
    "showCodes": true,
    "gridSize": 16
  }
}